{"cameraMode":{"drawMode":0,"name":"Shaded","section":"Shading Mode"},"sceneLighting":false,"audioPlay":false,"sceneViewState":{"showFog":true,"showMaterialUpdate":false,"showSkybox":false,"showFlares":true,"showImageEffects":true,"showParticleSystems":true},"in2DMode":false,"pivot":{"x":0.3806111812591553,"y":-1.8149819374084473,"z":0.4589956998825073},"rotation":{"x":-0.0008029945311136544,"y":-0.8446422219276428,"z":-0.0012669633142650128,"w":0.5353291034698486},"size":2.4802513122558595,"orthographic":false}