{"cameraMode":{"drawMode":0,"name":"Shaded","section":"Shading Mode"},"sceneLighting":false,"audioPlay":false,"sceneViewState":{"showFog":true,"showMaterialUpdate":false,"showSkybox":false,"showFlares":true,"showImageEffects":true,"showParticleSystems":true},"in2DMode":false,"pivot":{"x":-0.5920895338058472,"y":0.9483776092529297,"z":-4.5412750244140629},"rotation":{"x":-0.002945622429251671,"y":0.9970545172691345,"z":-0.0538933165371418,"w":-0.0544954389333725},"size":2.937230110168457,"orthographic":false}